title,Total_Jobs,Companies,Locations,Job_Percentage
Data Analyst,150,123,98,14.63
Data Scientist,72,63,53,7.02
Data Engineer,58,45,39,5.66
"Data Scientist, Product Analytics",29,2,14,2.83
Machine Learning Engineer,21,19,17,2.05
"Data Engineer, Product Analytics",20,1,14,1.95
Senior Data Engineer,13,13,6,1.27
Senior Data Analyst,11,9,9,1.07
Junior Data Scientist,11,10,11,1.07
**** *******,9,5,8,0.88
AI/ML Engineer,9,5,8,0.88
Data Analyst II,7,4,6,0.68
Business Data Analyst,7,7,7,0.68
Junior Data Analyst,7,7,7,0.68
"**** ********, *********",7,1,6,0.68
**** ********,6,5,6,0.59
**** *********,6,6,6,0.59
Data Analyst I,6,6,5,0.59
Data Engineer I,5,4,5,0.49
"Data Products Analyst, YouTube",5,1,4,0.49
AI Automation Specialist,4,1,4,0.39
"Data Engineer I, SCOT - AIM",4,1,1,0.39
Data Engineer III,4,4,4,0.39
"Analyst, Analytics",4,4,2,0.39
Analytics Engineer,4,2,4,0.39
"Data Analyst, Global Partnerships & Content",4,1,3,0.39
Business Intelligence Analyst,3,3,3,0.29
Data Analyst Intern,3,3,3,0.29
Marketing Data Analyst,3,3,3,0.29
Junior Data Engineer,3,3,3,0.29
"ML Data Linguist, Alexa AI",3,1,2,0.29
Data Analyst - Commercial Marketing Data & Analytics,3,1,3,0.29
Principal Data Engineer,3,2,2,0.29
Associate Data Engineer,2,2,2,0.2
****** ************************* & ********************** *****,2,1,1,0.2
"Data Engineer II (Azure, Databricks, Python)",2,1,1,0.2
Data Analytics,2,1,2,0.2
******** **** *******,2,1,2,0.2
AI Data Scientist,2,1,2,0.2
** **** ********,2,2,1,0.2
"Data Engineer, Analytics (Technical Leadership)",2,1,2,0.2
Data Analyst - Construction,2,1,2,0.2
********* ** *****,2,2,1,0.2
"AI Researcher, Handshake AI",2,1,1,0.2
"Data Engineer, E-Commerce",2,1,2,0.2
Data Analyst (various levels open),2,1,1,0.2
Cientista de Dados (Júnior),2,1,1,0.2
Data Engineer I (Full Time) United States,2,1,2,0.2
Customer Insights Analyst,2,2,2,0.2
Data Scientist (Remote),2,2,2,0.2
Data Scientist I,2,1,2,0.2
"Data Scientist III, Product, Operations Data Science",2,1,2,0.2
Analytics Engineer (L5) - Ads,2,1,2,0.2
"Data Scientist, Product Analytics - Retail Analytics",2,1,2,0.2
"Data Scientist, Product, Sustainability",2,1,2,0.2
Department Manager,2,1,2,0.2
Data Insights and Analytics Engineer,2,1,2,0.2
Healthcare Data Analyst,2,2,2,0.2
Cyber Security Analyst,2,1,1,0.2
Actuaire - data scientist - Prévoyance (H/F),2,2,1,0.2
"Data Engineer, ITC",2,1,1,0.2
Senior C# Developer,2,1,2,0.2
DevOps Engineer - $20K Sign On Bonus - 23285,2,2,1,0.2
ML/AI Engineer with NLP Specialization - Founding Engineer,2,1,1,0.2
Applied Scientist,2,1,1,0.2
DevOps Engineer - $20K Sign-On Bonus - 23302,2,2,1,0.2
Multiple Positions,2,2,2,0.2
Data Engineer II,2,1,2,0.2
Product Data Scientist,2,2,2,0.2
"Data & Analytics, Analyst",2,1,1,0.2
Analista de Business Intelligence Júnior,2,1,2,0.2
Senior Data Scientist,2,1,2,0.2
Senior Prompt & AI/ML Engineer - Remote,2,1,2,0.2
"Sr. Analyst, Data & Analytics",2,1,2,0.2
Sr. Data Analyst,2,2,2,0.2
******* **** ********,1,1,1,0.1
******* *********,1,1,1,0.1
******** ** *****,1,1,1,0.1
******** ** ***** ******,1,1,1,0.1
******** ******** ********** (**** ********),1,1,1,0.1
******** *********,1,1,1,0.1
******** ************ **** *******,1,1,1,0.1
"******** ******, **** ********* (******, ****)",1,1,1,0.1
"********* **** *********, ****** *********",1,1,1,0.1
*****-*** ********* – ***** (******),1,1,1,0.1
*****-***** **** *********,1,1,1,0.1
"**-****** ********** *** +****** , ***** **** **** **&******************",1,1,1,0.1
100% School Psychologist (Special Education),1,1,1,0.1
"AI / Machine Learning Engineer (early-career, on-site full time)",1,1,1,0.1
AI Engineer,1,1,1,0.1
AI Research Scientist,1,1,1,0.1
AI Research Scientist: AEC. Remote US or Canada,1,1,1,0.1
AI/ML Developer,1,1,1,0.1
AI/ML Engineer (early-career),1,1,1,0.1
AI/ML Researcher,1,1,1,0.1
AI/ML Scientist II,1,1,1,0.1
AI/Machine Learning Developer,1,1,1,0.1
ANALISTA DE DADOS JR / PL,1,1,1,0.1
ANALISTA GESTAO DE INDICADORES PL,1,1,1,0.1
AWS Data Engineer,1,1,1,0.1
Account Manager - Landscaping,1,1,1,0.1
Alternance - Data Engineer H/F,1,1,1,0.1
Alternance Data Analyst F/H,1,1,1,0.1
Alternant DATA Analyst (H/F) COMO Mercedes-Benz,1,1,1,0.1
Analista Cadastro II,1,1,1,0.1
Analista Dados JR,1,1,1,0.1
Analista Dados e Indicadores Jr,1,1,1,0.1
Analista de Análise de Dados Junior,1,1,1,0.1
Analista de Dados,1,1,1,0.1
Analista de Dados II,1,1,1,0.1
Analista de Dados Jr,1,1,1,0.1
Analista de Dados Jr (área de Fraude) - São Paulo/SP,1,1,1,0.1
Analista de Dados Junior - São Paulo/SP,1,1,1,0.1
Analista de Dados Júnior,1,1,1,0.1
Analista de Dados Júnior | Data Viz,1,1,1,0.1
Analista de Dados de Operações Junior,1,1,1,0.1
Analista de Dados e Produtividade Comercial (Porto Alegre/RS),1,1,1,0.1
Analista de Dados | Fortaleza | Aldeota | Presencial,1,1,1,0.1
Analyst,1,1,1,0.1
Analyst - Data Analytics,1,1,1,0.1
Analyst Data Engineer,1,1,1,0.1
"Analyst, Analytics & Insights",1,1,1,0.1
"Analyst, Data Analytics & Intelligence",1,1,1,0.1
"Analyst, Data Science",1,1,1,0.1
"Analyst, Data Science, RMBS",1,1,1,0.1
Analyst-Data Analytics,1,1,1,0.1
Analyst-Data Science,1,1,1,0.1
Analyste développeur  (H/F),1,1,1,0.1
Analytics Associate,1,1,1,0.1
Analytics Engineer (L4) - Acquisition,1,1,1,0.1
Analytics Engineer (L5) - Consumer Insights DSE,1,1,1,0.1
Analytics Engineer (L5) - New Content Experiences,1,1,1,0.1
Analytics Scientist,1,1,1,0.1
Applied AI/ML - Vice President,1,1,1,0.1
Applied Scientist - Safety ML,1,1,1,0.1
Assistant Store Manager,1,1,1,0.1
Assistant Tennis Professional,1,1,1,0.1
Associate - Data Researcher,1,1,1,0.1
Associate Scientist - Translational Research,1,1,1,0.1
BI / Data Analyst,1,1,1,0.1
Business Analyst,1,1,1,0.1
Business Analyst (BA),1,1,1,0.1
Business Analyst- Sr Consultant I-Remote - National General,1,1,1,0.1
Business Data Analyst I,1,1,1,0.1
"Business Intelligence Analyst, Global Research Operations",1,1,1,0.1
Business Operations Analyst,1,1,1,0.1
Business Systems Analyst,1,1,1,0.1
Cientista de Dados - Estágio,1,1,1,0.1
Cientista de Dados II - Área Prevenção a Fraudes,1,1,1,0.1
Cientista de Dados em People Analytics,1,1,1,0.1
Cleaner,1,1,1,0.1
Contract Senior Quality Analyst - Data Migration,1,1,1,0.1
Contract and Procurement Specialist,1,1,1,0.1
Control Systems Senior Data Analyst,1,1,1,0.1
Contrôleur de Gestion et data scientist/ingénieur (H/F),1,1,1,0.1
Customer Relationship Management Analyst,1,1,1,0.1
DATA ANALYST,1,1,1,0.1
DATA ANALYST I,1,1,1,0.1
DATA Scientist,1,1,1,0.1
DE&S Data Scientist,1,1,1,0.1
Data & Analytics,1,1,1,0.1
Data & Software Engineer (L5) — Productivity Metrics and System Insights,1,1,1,0.1
Data / BI Engineer,1,1,1,0.1
Data Analyst (22227),1,1,1,0.1
Data Analyst (Data Visualization),1,1,1,0.1
"Data Analyst (Payment, Fintech)",1,1,1,0.1
"Data Analyst (Remote, Graveyard)",1,1,1,0.1
Data Analyst (Social Analytics-- LucasFilm),1,1,1,0.1
Data Analyst - 100% Remote,1,1,1,0.1
"Data Analyst - Brand Analytics, Regional Brand Partnership",1,1,1,0.1
Data Analyst - Digital Asset,1,1,1,0.1
Data Analyst - Gestión Financiera,1,1,1,0.1
Data Analyst - Intern,1,1,1,0.1
Data Analyst - Local to Pittsburgh or Cleveland,1,1,1,0.1
Data Analyst - Marketing,1,1,1,0.1
Data Analyst - People Analytics (Short-Term Employment),1,1,1,0.1
Data Analyst - SPX Express (Jakarta),1,1,1,0.1
"Data Analyst - SQL, ERP",1,1,1,0.1
Data Analyst : 25-05044,1,1,1,0.1
Data Analyst Contractor,1,1,1,0.1
Data Analyst H/F,1,1,1,0.1
Data Analyst H/F en alternance,1,1,1,0.1
"Data Analyst II, Client Analytics",1,1,1,0.1
Data Analyst III,1,1,1,0.1
Data Analyst Intern (Fall start),1,1,1,0.1
"Data Analyst Senior - C&IB Data Management (SQL, STM-Source to Target Mapping)",1,1,1,0.1
Data Analyst Sr,1,1,1,0.1
Data Analyst Staff - Jakarta,1,1,1,0.1
"Data Analyst | Research Data Analyst II, JC-480387",1,1,1,0.1
"Data Analyst, Experimentation",1,1,1,0.1
"Data Analyst, Production Finance Operations & Innovation",1,1,1,0.1
"Data Analyst, Social Measurement",1,1,1,0.1
"Data Analyst, Supply Chain",1,1,1,0.1
"Data Analyst, TOM Data Infra Team",1,1,1,0.1
Data Analyst-1,1,1,1,0.1
Data Analyst/ Report Writer Level: 3,1,1,1,0.1
Data Analytics Analyst,1,1,1,0.1
Data Analytics Analyst (H/F),1,1,1,0.1
Data Analytics Engineer,1,1,1,0.1
Data Associate - Gurgaon,1,1,1,0.1
Data Collector - School of Public Health,1,1,1,0.1
Data Engineer (Internal Team),1,1,1,0.1
Data Engineer (L4) - Security,1,1,1,0.1
Data Engineer (L5),1,1,1,0.1
Data Engineer (L5) - Commerce Product Data Engineering,1,1,1,0.1
Data Engineer (L5) - Content Production & Promotion,1,1,1,0.1
Data Engineer (L5) - Conversation,1,1,1,0.1
Data Engineer (Medior),1,1,1,0.1
Data Engineer (Platform),1,1,1,0.1
Data Engineer (University Grad),1,1,1,0.1
"Data Engineer , Aladdin Data - Associate",1,1,1,0.1
"Data Engineer - Atlanta, GA",1,1,1,0.1
Data Engineer - C10,1,1,1,0.1
Data Engineer - C11,1,1,1,0.1
Data Engineer - Commerce Platform,1,1,1,0.1
Data Engineer - Content Understanding,1,1,1,0.1
Data Engineer - Databricks,1,1,1,0.1
Data Engineer - Enterprise Data Operations Analyst,1,1,1,0.1
Data Engineer - People Analytics,1,1,1,0.1
Data Engineer - Python,1,1,1,0.1
Data Engineer - Spark,1,1,1,0.1
Data Engineer - Subscriptions,1,1,1,0.1
Data Engineer @ CDMX,1,1,1,0.1
Data Engineer F/H,1,1,1,0.1
Data Engineer Graduate (Ads Data Application) - 2025 Start (BS/MS),1,1,1,0.1
"Data Engineer I (Reno, NV/ Hybrid, US)",1,1,1,0.1
"Data Engineer I, IN-Ads",1,1,1,0.1
"Data Engineer II, PubTech Data, Insights & Analytics",1,1,1,0.1
Data Engineer Jr.,1,1,1,0.1
Data Engineer Specialist,1,1,1,0.1
Data Engineer with Pyspark,1,1,1,0.1
Data Engineer with Python + SQL,1,1,1,0.1
Data Engineer(AWS),1,1,1,0.1
Data Engineer(H/F),1,1,1,0.1
"Data Engineer, Analytics",1,1,1,0.1
"Data Engineer, CPSA",1,1,1,0.1
"Data Engineer, Data Application",1,1,1,0.1
"Data Engineer, Davengers(Data Avengers)",1,1,1,0.1
"Data Engineer, Digital Acceleration",1,1,1,0.1
"Data Engineer, Experimentation",1,1,1,0.1
"Data Engineer, Infrastructure",1,1,1,0.1
"Data Engineer, Marketplace",1,1,1,0.1
"Data Engineer, P2 Science, Data, and Insights",1,1,1,0.1
"Data Engineer, Personalization",1,1,1,0.1
"Data Engineer, Play Data Science and Analytics",1,1,1,0.1
"Data Engineer, Pricing",1,1,1,0.1
"Data Engineer, VX Analytics",1,1,1,0.1
Data Engineer- Python Pyspark,1,1,1,0.1
Data Fulfillment Analyst,1,1,1,0.1
Data Intern,1,1,1,0.1
"Data Lake Reporting Analyst, Deloitte Global Technology",1,1,1,0.1
Data Operation Engineer I,1,1,1,0.1
"Data Platform Analyst, Subscriptions",1,1,1,0.1
Data Review Scientist,1,1,1,0.1
Data Science Analyst,1,1,1,0.1
Data Engineer (L5) - Ads,1,1,1,0.1
Data Science Engineer,1,1,1,0.1
Data Science Senior Associate - Card Data & Analytics,1,1,1,0.1
Data Science Specialist,1,1,1,0.1
"(Canada) Senior Research Scientist, Life Sciences",1,1,1,0.1
Data Scientist (AI/ML),1,1,1,0.1
Data Scientist (Business Operations),1,1,1,0.1
Data Scientist (Climate & Geospatial),1,1,1,0.1
Data Scientist (Entry Level),1,1,1,0.1
Data Scientist (L5) - App QoE,1,1,1,0.1
Data Scientist (L5) - Content,1,1,1,0.1
Data Scientist (L5) - Customer Service,1,1,1,0.1
Data Scientist (L5) - Customer Service Experimentation,1,1,1,0.1
Data Scientist (L5) - Member Algorithm Foundations,1,1,1,0.1
"Data Scientist (L6), Games",1,1,1,0.1
Data Scientist (Python) - Mumbai - Assistant Vice President,1,1,1,0.1
"(US) Senior Research Scientist, Life Sciences",1,1,1,0.1
Data Scientist (m/f/d),1,1,1,0.1
Data Scientist - Last Mile,1,1,1,0.1
Data Scientist - ML & Algorithms Focus,1,1,1,0.1
Data Scientist - Simulation,1,1,1,0.1
Data Scientist - Sports Analytics,1,1,1,0.1
Data Scientist 1,1,1,1,0.1
(USA) Data Engineer III,1,1,1,0.1
Data Scientist II - Client Platform,1,1,1,0.1
Data Scientist III (Commercial Analytics),1,1,1,0.1
** ******* ******** (****** / ****** / €***),1,1,1,0.1
"Data Scientist III, Research, YouTube Ads",1,1,1,0.1
Data Scientist Informatique Quantique (H/F),1,1,1,0.1
Data Scientist Intern,1,1,1,0.1
Data Scientist Jr.,1,1,1,0.1
Data Scientist Senior - MLOps & Transformation (F/H),1,1,1,0.1
Data Scientist Strategy & Value Creation Consulting,1,1,1,0.1
Data Scientist Yape,1,1,1,0.1
Data Scientist and Analysis,1,1,1,0.1
Data Scientist internship,1,1,1,0.1
Data Scientist – Data Science Analytics and Enablement (DSAE),1,1,1,0.1
"Data Scientist,  Marketing Analytics",1,1,1,0.1
"Data Scientist, Consumer Research & Marketing",1,1,1,0.1
"Data Scientist, Customer Analytics (Remote)",1,1,1,0.1
"Data Scientist, Fundamental Sector Data",1,1,1,0.1
"Data Scientist, GTM",1,1,1,0.1
"Data Scientist, Load Forecasting",1,1,1,0.1
"Data Scientist, Marketing",1,1,1,0.1
"Data Scientist, Marketing Science",1,1,1,0.1
** ******** - ******,1,1,1,0.1
**** ******* ******,1,1,1,0.1
"Data Scientist, Product, Play Monetization",1,1,1,0.1
**** ******* ****** */*,1,1,1,0.1
"Data Scientist, Remote",1,1,1,0.1
"Data Scientist, Square Support",1,1,1,0.1
Data Scientist- Customer Lifecycle and Engagement,1,1,1,0.1
Data Scientist- Entry Level,1,1,1,0.1
Data Scientist- Jr,1,1,1,0.1
Data Scientist-1,1,1,1,0.1
Data Scientist/Analyst,1,1,1,0.1
Data Scientist/Sr Data Scientist,1,1,1,0.1
Data Scientists,1,1,1,0.1
Data Visualisation & Insights Analyst,1,1,1,0.1
Data Visualization Analyst,1,1,1,0.1
Data analyst,1,1,1,0.1
Data/Software Engineer H/F,1,1,1,0.1
"Decision Scientist, Client Analytics",1,1,1,0.1
**** ******* *******,1,1,1,0.1
Data Science Analyst II,1,1,1,0.1
**** ******* - ** ******** ************ (**** *** ***** *********),1,1,1,0.1
Director of Artificial Intelligence (AI) and Innovation,1,1,1,0.1
Director of Sales - Peninsula Del Rey,1,1,1,0.1
"Distinguished Architect, AI Platform",1,1,1,0.1
Don't See Your Role Below?,1,1,1,0.1
ESG Data Analyst,1,1,1,0.1
Ejecutivo Data Analysis,1,1,1,0.1
Engagement and Events Coordinator,1,1,1,0.1
Entry Level Analyst - Data & Analytics,1,1,1,0.1
Entry Level Full Stack AI Engineer,1,1,1,0.1
Experienced Data Engineer - Data Engineering,1,1,1,0.1
Fitness Coach NEW HIRE,1,1,1,0.1
Fraud Data Scientist,1,1,1,0.1
Fraud Science Data Engineer,1,1,1,0.1
Front End Developer I,1,1,1,0.1
"Full Stack Big Data Software Engineer, Senior",1,1,1,0.1
GEN AI/ML,1,1,1,0.1
GTM Tableau Data Analyst,1,1,1,0.1
General Manager,1,1,1,0.1
GlaxoSmithKline LLC – Principal Programmer,1,1,1,0.1
Global Technology Strategy Analyst,1,1,1,0.1
Graduate Data Scientist,1,1,1,0.1
Graduate Software Engineer,1,1,1,0.1
Groomer,1,1,1,0.1
Growth Data Scientist/ Analyst,1,1,1,0.1
**** ******* - *******,1,1,1,0.1
Healthcare Data Analyst I - Remote,1,1,1,0.1
Healthcare Data Engineer (Remote - Virtual Dementia Care),1,1,1,0.1
ICICI Securities - Data Analyst - SQL/Python,1,1,1,0.1
ICICI Securities - Data Engineer - Python/SQL/ETL,1,1,1,0.1
IIS Data Analyst II,1,1,1,0.1
IN-Senior Associate _ Databricks_Data & Analytics _Advisory _PAN India,1,1,1,0.1
IT Data Analyst - System Access,1,1,1,0.1
Infrastructure Engineer III - Data Center e End User - Indaiatuba/SP,1,1,1,0.1
Infrastructure Partner Data Engineer,1,1,1,0.1
"Infrastructure Partner Data Engineer, YouTube",1,1,1,0.1
"Infrastructure Partner Data Engineer, Youtube",1,1,1,0.1
Insight Analyst New,1,1,1,0.1
Insight Analyst UK,1,1,1,0.1
Insights Analyst,1,1,1,0.1
Intelligence Analyst,1,1,1,0.1
Internship - Data Analysis [RID-00469],1,1,1,0.1
JUNIOR DATA SCIENTIST,1,1,1,0.1
Jr. Data & BI Analyst,1,1,1,0.1
Jr. Data Engineer,1,1,1,0.1
Jr. Data Scientist,1,1,1,0.1
Junior Artificial Intelligence (AI) / Machine Learning (ML) Engineer,1,1,1,0.1
**** ******* - ******** *******,1,1,1,0.1
Junior Data Analyst (PowerBI),1,1,1,0.1
Junior Data Analyst - Remote,1,1,1,0.1
Junior Data Analyst UK&I,1,1,1,0.1
**** ******* / ******** **,1,1,1,0.1
"Junior Data Engineer (Remote, US)",1,1,1,0.1
Junior Data Engineer with Python,1,1,1,0.1
"**** ******* – ***, *******",1,1,1,0.1
Junior Data Scientist - User Fraud,1,1,1,0.1
Junior Data engineer ( Python and SQL ) - 2 to 3 years only,1,1,1,0.1
Junior Frontend Developer,1,1,1,0.1
Junior Machine Learning Engineer,1,1,1,0.1
KX Analytics (Tableau & SQL)- Analyst-Hyderabad,1,1,1,0.1
"Lead Data Analyst (Power BI,SQL)",1,1,1,0.1
Lead Data Scientist,1,1,1,0.1
Lead Data Scientist - Finance Technology,1,1,1,0.1
**** ******** (**) - *****,1,1,1,0.1
Local Defender - Cybersecurity,1,1,1,0.1
MIS Officer,1,1,1,0.1
**** ******** *,1,1,1,0.1
ML Software Engineer (L4/L5) - Media Algorithms,1,1,1,0.1
**** ******** **,1,1,1,0.1
**** ********* (******* *******),1,1,1,0.1
"Machine Learning Engineer (Berlin, Germany)",1,1,1,0.1
Machine Learning Engineer (Junior),1,1,1,0.1
Machine Learning Engineer (L4/5) - Studio Media Algorithms,1,1,1,0.1
Machine Learning Engineer (L5) - Content & Media ML Foundations,1,1,1,0.1
"Machine Learning Engineer ,Pytorch Engineering , Bangalore, India",1,1,1,0.1
Machine Learning Engineer I (Underwriting),1,1,1,0.1
Machine Learning Engineer Junior,1,1,1,0.1
Machine Learning Officer - Junior,1,1,1,0.1
Machine Learning Research Engineer,1,1,1,0.1
Machine Learning Research Scientist,1,1,1,0.1
Machine Learning Software Engineer (L5) - Content and Studio,1,1,1,0.1
"Manager, Data Science",1,1,1,0.1
**** ********* (******* *********),1,1,1,0.1
Master Data Engineer,1,1,1,0.1
**** ********* **,1,1,1,0.1
Oakley - Specialized Consultant,1,1,1,0.1
Officer - Real Time Analytics,1,1,1,0.1
Onsite English Teacher (West San Jose),1,1,1,0.1
Operation Analyst-Power Bi & SQL,1,1,1,0.1
Operations Data Scientist,1,1,1,0.1
Part Time Sales Associate (Santa Clara),1,1,1,0.1
"Partner Data Scientist, Growth Partnerships",1,1,1,0.1
People Data Analyst,1,1,1,0.1
Personal Lines Product Senior Analyst,1,1,1,0.1
Pilates Instructor,1,1,1,0.1
PowerBI Analyst,1,1,1,0.1
PowerBi,1,1,1,0.1
Principal AI/ML Scientist (Remote),1,1,1,0.1
**** ********* - ******,1,1,1,0.1
Product Data Analyst,1,1,1,0.1
**** ********* - **********,1,1,1,0.1
Public Relations Assistant Account Executive,1,1,1,0.1
Python & SQL Data Engineer_Director_Software Engineering,1,1,1,0.1
Python Developer,1,1,1,0.1
"Quant Analytics Analyst - SQL, Python",1,1,1,0.1
Quantitative Researcher,1,1,1,0.1
RCM Business Analyst - Remote,1,1,1,0.1
React Developer,1,1,1,0.1
"Remote Engineer, Data, I",1,1,1,0.1
Report/Data Analyst,1,1,1,0.1
Reporting Data Engineer,1,1,1,0.1
Research And Development Scientist,1,1,1,0.1
"Research/Data Analyst, Senior",1,1,1,0.1
Retail Operations Data Analyst,1,1,1,0.1
SQL Data analyst,1,1,1,0.1
Sales Associate Oakley,1,1,1,0.1
Sales Associate Target Optical,1,1,1,0.1
Scheduling Coordinator,1,1,1,0.1
"Sector Analyst, MI-Data",1,1,1,0.1
Senior - Python+SQL,1,1,1,0.1
Senior AI Agent Engineer,1,1,1,0.1
Senior Analyst Omnichannel,1,1,1,0.1
Senior Analytics Data Engineer - Indaiatuba/SP,1,1,1,0.1
Senior Applications Analyst - Oracle HCM Cloud,1,1,1,0.1
Senior Associate_Power BI/Tableau_Data &Analytics_Advisory_PAN India,1,1,1,0.1
Senior Automation Testing Engineer (Python),1,1,1,0.1
Senior Azure & EPIC AI Engineer,1,1,1,0.1
Lead Network Engineer,1,1,1,0.1
"**** ********, ***",1,1,1,0.1
Senior Data Analyst (Marketing),1,1,1,0.1
Senior Data Analyst [T500-18077],1,1,1,0.1
Senior Data Center Operations Analyst,1,1,1,0.1
Senior Data Collection Engineer (Spain),1,1,1,0.1
"**** *******, ****** ***********",1,1,1,0.1
Senior Data Engineer - Cloud Data Platform,1,1,1,0.1
"Senior Data Engineer, Snowflake",1,1,1,0.1
****** **** *******,1,1,1,0.1
Senior Data Scientist - AI,1,1,1,0.1
Senior Data Scientist - Personalization,1,1,1,0.1
Senior GIS/Data Management Analyst,1,1,1,0.1
Senior IT Business Analyst (MDA),1,1,1,0.1
Senior IT Security Risk Analyst (REMOTE),1,1,1,0.1
Senior Insight Analyst,1,1,1,0.1
"Senior Machine Learning Engineer, DSP",1,1,1,0.1
Senior MarTech and AI Manager,1,1,1,0.1
****** **** *********,1,1,1,0.1
Senior Python / AI Engineer : Hybrid (Mumbai),1,1,1,0.1
Senior Software Engineer (AI Integration),1,1,1,0.1
Senior Software Engineer I,1,1,1,0.1
"Senior Software Engineer, Systems Infrastructure",1,1,1,0.1
Senior Staff IT Data Engineer,1,1,1,0.1
Senior Systems Engineer,1,1,1,0.1
"Senior, Data Engineer",1,1,1,0.1
Software Engineer (L4) - Cloud Network Engineering,1,1,1,0.1
"Software Engineer (L5), Ads Supply",1,1,1,0.1
Software Engineer (x/f/m) - Health Services,1,1,1,0.1
Software Engineer - Android,1,1,1,0.1
Software Engineer 4 - TV & Web Player Platform,1,1,1,0.1
"Software Engineer 5, Data Clean Room",1,1,1,0.1
"Software Engineer L4, Machine Learning Platform (Metaflow)",1,1,1,0.1
Software Engineer L5 - Ads Platform,1,1,1,0.1
"Software Engineer, AI Platform - New Grad",1,1,1,0.1
"Software Engineer, Search Infrastructure",1,1,1,0.1
Software/AI Engineer (New Grad),1,1,1,0.1
"Specialist, Commercial Data Reporting and Analysis",1,1,1,0.1
Sr Data Analyst,1,1,1,0.1
Sr Data Engineer,1,1,1,0.1
Sr Data and Business Analyst,1,1,1,0.1
"Sr. Analyst - Data, Strategy & Product Analytics",1,1,1,0.1
****** ******* *********,1,1,1,0.1
"Sr. Consultant, Data Analytics & Reporting",1,1,1,0.1
Sr. Data & Analytics Engineer,1,1,1,0.1
****** ******** ********,1,1,1,0.1
"Sr. Data Analytics and Visualization Analyst ($95,000 - $110,000 salary)",1,1,1,0.1
Sr. Data Engineer,1,1,1,0.1
"Sr. Data Engineer, Analytics",1,1,1,0.1
Sr. Data Scientist (Commercial Analytics),1,1,1,0.1
"Sr. Data Scientist, Analytics - Core Product",1,1,1,0.1
"Staff Data Scientist, Locations",1,1,1,0.1
"Staff Data Scientist, Strategy & Insights",1,1,1,0.1
Staff Production DBA/Data Engineer,1,1,1,0.1
Stage - Data Engineer (H/F),1,1,1,0.1
"Strategy Associate, YouTube",1,1,1,0.1
Swim Instructor,1,1,1,0.1
Systems Software Engineer L4,1,1,1,0.1
Tableau Data Analyst,1,1,1,0.1
TikTok Shop - Data Analyst,1,1,1,0.1
UK 2025 Data Engineer Internship,1,1,1,0.1
Vice President Data Scientist Marketing Analytics - Consumer Bank,1,1,1,0.1
Work with Us!,1,1,1,0.1
研究所-数据岗,1,1,1,0.1
🚀 Cientista de Dados Trainee - Programa de Formação Remoto,1,1,1,0.1
